{
  "results": {
    "linear_regression": {
      "name": "Linear Regression",
      "metrics": {
        "train": {
          "mse": 4.615509455205247e-24,
          "rmse": 2.1483736768088665e-12,
          "mae": 1.8735291096305673e-12,
          "r2": 1.0,
          "mape": 1.0777861630160716e-13,
          "median_ae": 1.9113599591946695e-12,
          "explained_variance": 1.0,
          "adjusted_r2": 1.0
        },
        "test": {
          "mse": 4.685205547909415e-24,
          "rmse": 2.1645335635904134e-12,
          "mae": 1.7798429396975734e-12,
          "r2": 1.0,
          "mape": 8.989501174839096e-14,
          "median_ae": 1.858069254012662e-12,
          "explained_variance": 1.0,
          "adjusted_r2": 1.0,
          "residuals": [
            -2.1316282072803006e-13,
            -1.8545165403338615e-12,
            -9.308109838457312e-13,
            1.9042545318370685e-12,
            6.465938895416912e-13,
            -2.7711166694643907e-13,
            -4.334310688136611e-13,
            1.1723955140041653e-12,
            2.1387336346379016e-12,
            -2.6858515411731787e-12,
            3.595346242946107e-12,
            1.893596390800667e-12,
            3.7907454952801345e-12,
            -3.410605131648481e-12,
            1.9966250874858815e-12,
            -2.0534685063466895e-12,
            -2.2737367544323206e-13,
            1.1723955140041653e-12,
            -3.3288927170360694e-12,
            -1.858069254012662e-12,
            5.897504706808832e-13,
            5.968558980384842e-13,
            2.1316282072803006e-12,
            -2.4726887204451486e-12,
            5.506706202140776e-13,
            -2.2737367544323206e-13,
            3.780975532663433e-12,
            -2.984279490192421e-13,
            -2.7000623958883807e-13,
            3.765876499528531e-12,
            1.1795009413617663e-12,
            -3.33244543071487e-12,
            3.801403636316536e-12,
            -1.858069254012662e-12,
            1.893596390800667e-12,
            -3.3431035717512714e-12,
            -9.379164112033322e-13,
            -2.4513724383723456e-13,
            -3.40349970429088e-12,
            9.308109838457312e-13
          ],
          "y_pred": [
            5.930000000000213,
            47.780000000001856,
            42.46000000000093,
            18.689999999998097,
            42.459999999999354,
            32.050000000000274,
            28.610000000000433,
            32.049999999998825,
            43.97999999999786,
            12.020000000002685,
            47.779999999996406,
            18.689999999998108,
            31.93999999999621,
            36.86000000000341,
            42.459999999998004,
            48.65000000000205,
            37.940000000000225,
            18.109999999998827,
            24.44000000000333,
            18.110000000001858,
            43.97999999999941,
            37.9399999999994,
            47.77999999999787,
            43.98000000000247,
            12.019999999999449,
            48.650000000000226,
            7.609999999996219,
            12.020000000000298,
            43.98000000000027,
            37.93999999999623,
            37.93999999999882,
            48.65000000000333,
            5.929999999996198,
            24.44000000000186,
            12.019999999998106,
            13.250000000003343,
            18.110000000000937,
            24.440000000000246,
            37.9400000000034,
            12.019999999999069
          ],
          "y_true": [
            5.93,
            47.78,
            42.46,
            18.69,
            42.46,
            32.05,
            28.61,
            32.05,
            43.98,
            12.02,
            47.78,
            18.69,
            31.94,
            36.86,
            42.46,
            48.65,
            37.94,
            18.11,
            24.44,
            18.11,
            43.98,
            37.94,
            47.78,
            43.98,
            12.02,
            48.65,
            7.61,
            12.02,
            43.98,
            37.94,
            37.94,
            48.65,
            5.93,
            24.44,
            12.02,
            13.25,
            18.11,
            24.44,
            37.94,
            12.02
          ]
        }
      },
      "feature_importance": [
        [
          "product_id_P012",
          11.918138680659657
        ],
        [
          "product_name_Product 12",
          11.918138680659656
        ],
        [
          "product_name_Product 7",
          9.906490254872567
        ],
        [
          "product_id_P007",
          9.906490254872544
        ],
        [
          "product_id_P011",
          9.702787106446792
        ],
        [
          "product_name_Product 11",
          9.702787106446786
        ],
        [
          "product_name_Product 13",
          9.084064467766101
        ],
        [
          "product_id_P013",
          9.084064467766096
        ],
        [
          "product_name_Product 2",
          8.873880809595196
        ],
        [
          "product_id_P002",
          8.873880809595185
        ],
        [
          "product_name_Product 8",
          8.539435532233881
        ],
        [
          "product_id_P008",
          8.539435532233876
        ],
        [
          "product_name_Product 5",
          8.223341829085454
        ],
        [
          "product_id_P005",
          8.223341829085452
        ],
        [
          "product_name_Product 6",
          7.9624160419790035
        ],
        [
          "product_id_P006",
          7.9624160419789956
        ],
        [
          "product_id_P010",
          5.5012871064467825
        ],
        [
          "product_name_Product 10",
          5.501287106446769
        ],
        [
          "product_id_P015",
          5.034083958020972
        ],
        [
          "product_name_Product 15",
          5.03408395802097
        ]
      ],
      "predictions": {
        "y_test": [
          5.93,
          47.78,
          42.46,
          18.69,
          42.46,
          32.05,
          28.61,
          32.05,
          43.98,
          12.02,
          47.78,
          18.69,
          31.94,
          36.86,
          42.46,
          48.65,
          37.94,
          18.11,
          24.44,
          18.11,
          43.98,
          37.94,
          47.78,
          43.98,
          12.02,
          48.65,
          7.61,
          12.02,
          43.98,
          37.94,
          37.94,
          48.65,
          5.93,
          24.44,
          12.02,
          13.25,
          18.11,
          24.44,
          37.94,
          12.02
        ],
        "y_pred": [
          5.930000000000213,
          47.780000000001856,
          42.46000000000093,
          18.689999999998097,
          42.459999999999354,
          32.050000000000274,
          28.610000000000433,
          32.049999999998825,
          43.97999999999786,
          12.020000000002685,
          47.779999999996406,
          18.689999999998108,
          31.93999999999621,
          36.86000000000341,
          42.459999999998004,
          48.65000000000205,
          37.940000000000225,
          18.109999999998827,
          24.44000000000333,
          18.110000000001858,
          43.97999999999941,
          37.9399999999994,
          47.77999999999787,
          43.98000000000247,
          12.019999999999449,
          48.650000000000226,
          7.609999999996219,
          12.020000000000298,
          43.98000000000027,
          37.93999999999623,
          37.93999999999882,
          48.65000000000333,
          5.929999999996198,
          24.44000000000186,
          12.019999999998106,
          13.250000000003343,
          18.110000000000937,
          24.440000000000246,
          37.9400000000034,
          12.019999999999069
        ]
      },
      "parameters": {}
    }
  },